admin_id,admin_email,admin_first_name,admin_last_name,admin_patronymic,admin_login,admin_password
1,teterinermola@example.net,Аполлинарий,Веселов,Жанович,nesterovaelizaveta,6rB3HtFb2%
2,agafonovalekse@example.org,Яковлевна,Людмила,Горбунова,olegshashkov,$5bOPU^okP
3,radovan_1983@example.com,Робертовна,Лора,Медведева,zvinogradova,$wMjCNxJr0
4,igor_2017@example.com,Коновалов,тов.,Назар,tabramov,)@Y@lJCin1
5,moisedjachkov@example.com,Иосиф,Кулагин,Эдгарович,qmedvedev,q@V1T0r6^4
6,sharovsaveli@example.org,Аркадий,Игнатьев,Гаврилович,olimpiada1985,DHVr3_Ca()
7,isidor87@example.net,Артурович,Филимон,Мартынов,lukaaksenov,j8#1JTznVH
8,zosima_1988@example.com,Клавдий,Савин,Гаврилович,kornil_75,LS0*Sv%L$_
9,elizaveta_98@example.net,Архиповна,Лариса,Щукина,parfenagafonov,j8y9#spZ(L
10,kapustinaija@example.com,Терентьевич,Антип,Медведев,sidor_2017,q0gGULC5+n
11,alekseevdmitri@example.net,Ираида,Лукина,Валериевна,leonidtimofeev,M6IZr7ay^J
12,sazonovaanna@example.net,Лариса,Семенова,Борисовна,zuevpahom,T*ff4tChSg
13,qdrozdov@example.org,Еремеевич,Феоктист,Соловьев,stepanovmstislav,d7Wa%eXg*0
14,klavdi2002@example.org,Кирилловна,Вероника,Мухина,opotapova,&4liLU6w^I
15,braginnikodim@example.net,Федор,Никонов,Архипович,vorontsovmitofan,$22$*iX@Na
16,semenovipati@example.org,Терентий,Лихачев,Ермилович,orlovkondrati,!LJW%Mqj7Z
17,andronik_2009@example.net,Арсенович,Устин,Сидоров,svjatopolk_2006,Ky5AGtma*C
18,savinefim@example.com,Аскольдовна,София,Хохлова,petrovaagafja,&t^NIIE&4i
19,fedoseevapraskovja@example.com,Давидович,Ладислав,Костин,filipp_1988,JuA^1kQc**
20,feoktist_2024@example.net,Георгиевна,Зоя,Якушева,olga94,OR4BP1iw@O
21,jakubpetrov@example.net,Мечислав,Романов,Федосеевич,kirillovevlampi,6T0PUSny^6
22,semen_84@example.net,Виктория,Лаврентьева,Яковлевна,ljudmila_76,_GWJcxKG64
23,lazarevserafim@example.org,Никифоровна,Лидия,Некрасова,hariton02,k@V0DRs#)t
24,konstantin43@example.org,Ксения,Фадеева,Павловна,veronika_76,8h5JHGaV*1
25,raisa2013@example.net,Антипович,Аристарх,Тимофеев,stepan_30,+q3QlQlfP%
26,nazarantonov@example.org,Остромир,Фролов,Елизарович,firs_77,H(z4G*uK^@
27,konon2008@example.org,Тихонова,г-жа,Мария,feofanzaharov,1r9AQPn2*3
28,shilovalora@example.org,Тамара,Денисова,Борисовна,martinovfeofan,d)3mCerswp
29,mdanilova@example.net,Кондратий,Яковлев,Филимонович,januari_20,!vLa6xt%5k
30,lazarevvlas@example.org,Дроздова,г-жа,Глафира,mjasnikovmechislav,dLnAF(j!$5
31,iraida74@example.com,Владлен,Павлов,Артёмович,vladilen_14,YH)n%3Cla4
32,tihon_41@example.org,Еремей,Князев,Андреевич,silinprokl,%4WEInPa8v
33,seliverstovaalla@example.com,Еремей,Суханов,Димитриевич,budimir_66,#4UN%u_b&$
34,julija31@example.org,Филиппович,Матвей,Николаев,shcherbakovostap,!y8Lx6Wuu0
35,pelageja_1971@example.com,Тарасовна,Татьяна,Павлова,qafanasev,@0!HbvDBmA
36,veniamin2022@example.net,Мария,Кулагина,Семеновна,ija1980,uu&*0QLwE_
37,modest38@example.org,Галина,Блохина,Вадимовна,anisim_64,l2@oVcwK(7
38,gorbunovmitofan@example.net,Игорь,Одинцов,Федосеевич,ljubomir2025,_(P4nCKwRW
39,ratmir35@example.com,Людмила,Сорокина,Андреевна,muhinfeliks,3GOLPi8P(J
40,potapovevgeni@example.org,Владиславовна,Ия,Зыкова,akimkondratev,#xxH$yME4B
41,kiselevaelena@example.org,Дмитриевна,Евпраксия,Орлова,valentin2015,@a85Jqmjk+
42,pankrati_1996@example.com,Агафья,Захарова,Анатольевна,ipat2000,@^4XMD)cS@
43,modest_1970@example.com,Милица,Комиссарова,Григорьевна,juri_2024,(RRS&RONy0
44,subbotinatamara@example.com,Ульяна,Лобанова,Леонидовна,artemevvasili,Ru5a4bOqX*
45,foma_1975@example.org,Якуб,Крюков,Феофанович,zoja_26,gh#56%JhcO
46,nesterovseliverst@example.net,Иосифович,Фотий,Петухов,valentin2000,qgu5V*Ft@7
47,lebedevkirill@example.org,Терентьевич,Федор,Щербаков,demjan34,kt4)HT)a(7
48,haritonpotapov@example.com,Евстигнеевич,Фока,Бобылев,efimovanani,X_9ZN7u^hQ
49,lapinnikola@example.com,Аксёнович,Ладимир,Ковалев,drozdovkallistrat,N0RVNyZx#+
50,shcherbakovaevgenija@example.com,Евдокия,Соболева,Захаровна,komissarovprohor,14Kjysbe*e
51,antonin_1996@example.net,Игоревич,Аникей,Лаврентьев,naksenova,Tg48CVaGt@
52,egorovaekaterina@example.org,Филипп,Беспалов,Елизарович,nikitinsofron,*klY$3Wq2s
53,amvrosi1993@example.com,Денис,Сафонов,Антонович,sofija_85,_vDuBcC!3Y
54,vasilevaleksandr@example.org,Алина,Григорьева,Петровна,vera1979,i3@3XYnj)#
55,arkadi15@example.com,Борисовна,Людмила,Пахомова,averki2002,_6I*KfV%1c
56,sharovaanzhelika@example.com,Всеслав,Евдокимов,Марсович,zikovfrol,WgD&9RrfG0
57,wkudrjashova@example.com,Брониславович,Андрон,Быков,fedorovsolomon,(o*0YWqsld
58,shilovakira@example.com,Майя,Аксенова,Рудольфовна,jakov_24,_1NT6gkQwE
59,alekseevmilen@example.net,Львовна,Лукия,Зимина,esobolev,T%2yPXYn((
60,irakli_1976@example.org,Владиславович,Тарас,Блинов,solomon_2022,$6cXfKje!o
61,jagafonov@example.net,Марина,Устинова,Михайловна,ckonstantinov,&F7E@lpA(z
62,matveevazoja@example.com,Евфросиния,Стрелкова,Руслановна,visheslav2012,e@85LKtFMO
63,isa1990@example.net,Руслановна,Маргарита,Филатова,rusakovkliment,3j6VzDR5!p
64,silanti_82@example.net,Владиславовна,Вера,Рыбакова,lukinaninel,70CxmqXK@@
65,larionovvsevolod@example.org,Никифоровна,Мария,Щукина,jakovlevterenti,5+wk_yAb)W
66,feliksfadeev@example.org,Андреевна,Зоя,Лебедева,svetozarkalashnikov,@_!#85Oi0t
67,sinklitikija1991@example.com,Карп,Веселов,Гавриилович,sofron1971,&7DR8EpR*p
68,kliment1990@example.com,Милий,Морозов,Давидович,ernst1998,U5UFLb$m#1
69,tvorimirmuravev@example.com,Степановна,Майя,Анисимова,jlazarev,f6+2RTur&L
70,epifan_1986@example.net,Афанасьевна,Антонина,Мясникова,vbolshakov,Sq&b1Y9y&V
71,emilija_96@example.net,Станиславовна,Олимпиада,Некрасова,kornil2020,oT_By6%o*2
72,varlaam_1975@example.com,Викентий,Корнилов,Елизарович,vasilisa_2019,z01fGEKu^^
73,karp47@example.net,Синклитикия,Петухова,Феликсовна,gremislav_13,#Cz9R6k+g(
74,valerjan1981@example.net,Аксёнович,Олег,Мамонтов,sorokinarhip,@9xoDjmPS^
75,serafim53@example.com,Арсеньевич,Вышеслав,Веселов,trofim2004,tDM2t+AoA*
76,efimgushchin@example.com,Харитон,Тарасов,Трифонович,borisovserge,U#+8HuvsII
77,fade_17@example.com,Кирилловна,Мария,Колесникова,arefi1973,!%s2kX0xpx
78,rusakovaekaterina@example.com,Вилорович,Фома,Котов,belovmitofan,^9T0It8fLM
79,taras_54@example.org,Лариса,Мельникова,Леонидовна,udementev,r&1rEJeLa%
80,bantonov@example.net,Полина,Осипова,Натановна,zinaida_1978,EIzU+UhL!0
81,ilihacheva@example.com,Иван,Крылов,Абрамович,savvatigerasimov,^!9Sq$JfL0
82,jakov_43@example.com,Ждановна,Ксения,Бурова,ubeljaeva,!R4RvTV4Ei
83,gremislav2021@example.com,Владиленович,Семен,Ершов,viktorin_12,dxw3&M+rl+
84,moke75@example.com,Алексеевна,Раиса,Осипова,arseni_94,2+9GtlJfy5
85,fortunat46@example.net,Владиславович,Ермил,Осипов,tmolchanova,$2D1%#2ZDr
86,azarititov@example.org,Теймуразович,Мстислав,Калинин,korolevamaja,K9S^J6rB(q
87,provpetrov@example.org,Теймуразович,Лаврентий,Шашков,florentin04,kQ)mMVnr^2
88,gavrilovpavel@example.net,Богданович,Аникита,Орехов,pantelemon55,e$@2qSOsq@
89,apollinari_1971@example.org,Варвара,Антонова,Васильевна,dorofeevaljubov,w5lq0YEv!a
90,kliment_29@example.org,Зоя,Емельянова,Павловна,suvorovmark,TL8Si2cr6&
91,boleslav_80@example.net,Арсенович,Самсон,Никифоров,seliverstovaalevtina,*NnO!oLoz2
92,timofeevazhanna@example.org,Даниловна,Акулина,Лыткина,marfa_81,Ww3XbZms@)
93,pantelemon56@example.net,Мироновна,Синклитикия,Белякова,mark1996,3@S60*p5bO
94,leon_86@example.net,Элеонора,Шарапова,Владимировна,demid53,$5ITYv7fQs
95,maksimiljan_1991@example.org,Мария,Романова,Егоровна,dgromova,@7^TGMzlL1
96,gleb_39@example.org,Эльдаровна,Мария,Нестерова,miliblinov,JXx+%0Jm6&
97,ovchinnikovstanimir@example.net,Митофан,Хохлов,Зиновьевич,nikandrmaslov,!yN4Doew$J
98,oleg_19@example.net,Леонид,Кондратьев,Владиславович,matve14,^v2T46HaHz
99,hbobrov@example.com,Кира,Герасимова,Наумовна,hknjazev,I@1_91JlF&
100,anzhela_52@example.com,Селиван,Жданов,Артёмович,evlampi_95,@BK+0Hor!*
101,makarovvlas@example.net,Всеволодович,Ювеналий,Лапин,anisimovvasili,dibJquDU+8
102,anikitagrigorev@example.net,Мирон,Дорофеев,Исидорович,ovishnjakov,fZ@7kUnkKQ
103,strelkovafinogen@example.com,Григорьевна,Клавдия,Смирнова,sharapovevstigne,!P6V6woP8*
104,prokofi_42@example.net,Валерианович,Афиноген,Колесников,golubevpimen,&9h0$aOdOX
105,filimon_36@example.org,Игнатович,Флорентин,Федосеев,militsa_04,@*2%9W@xU1
106,ladimir66@example.net,Афанасьевна,Ольга,Моисеева,avde_1992,BlQBwmgu@9
107,krjukovviktorin@example.org,Вячеслав,Жданов,Ануфриевич,grishinanina,)%BlG_*r6P
108,ivanovaregina@example.net,Оскаровна,Елизавета,Блинова,valerjan2000,4mSfD4E^^$
109,moiseevfeliks@example.org,Савва,Беляев,Филиппович,lavr_1996,YjOYaBqS_1
110,eduard_2020@example.org,Рудольфовна,Надежда,Веселова,zinovi_1975,(0YQL@gmG1
111,tarasovivan@example.org,Алина,Пестова,Руслановна,elise_2010,!VhHkZvl17
112,wsuvorov@example.org,Руслан,Авдеев,Богданович,tvorimir_2023,1$E7OnL(T)
113,iosif2004@example.org,Екатерина,Русакова,Викторовна,apollonovchinnikov,ra1YHkwaB#
114,baranovarhip@example.com,Герасимович,Фотий,Щукин,ignatovazoja,#8bdC3uy^S
115,dmitrievamargarita@example.net,Владиленович,Владилен,Бобров,terenti_94,U2NQ+Nbo@g
116,tpanfilov@example.net,Эрнест,Фомин,Германович,lapinairina,#ifGsZI5C7
117,raisa_1989@example.org,Денисович,Панкратий,Силин,wmatveeva,g!b835MsJ9
118,arefinikiforov@example.org,Гремислав,Красильников,Феликсович,klavdi_1989,*tiY(pVYk0
119,zinaida1988@example.org,Борисович,Измаил,Тихонов,grishinaoksana,n&6WdpmTmZ
120,martinovmina@example.org,Изотович,Олимпий,Филиппов,kondratevafevronija,(7+O7Qtwl(
121,vasilisa_01@example.org,Валерия,Гурьева,Станиславовна,porfiri_06,Gm1O0lsu*v
122,kulaginazinaida@example.net,Харламович,Александр,Белов,pantelemon_76,)9uBVquG5q
123,eignatova@example.org,Эдгарович,Поликарп,Лазарев,anisim1975,u#9Dvfecy@
124,evstigne_71@example.org,Абрамович,Прокофий,Крылов,bilina,*y3+7Lgsq%
125,maslovprokofi@example.com,Элеонора,Федосеева,Ильинична,gordeevvatslav,pDXBoTHt^0
126,matve1997@example.net,Антоновна,Агафья,Лебедева,emil89,BEeJsjIY^7
127,subbotinkarl@example.net,Власович,Емельян,Шарапов,kotovaljudmila,fh9ANinBu_
128,polikarp1985@example.org,Олимпиада,Устинова,Ниловна,luka16,&bw_6LzyXf
129,matvenikolaev@example.org,Юлианович,Эммануил,Суханов,marian_25,D$lOy@W1kp
130,potapovaglafira@example.org,Изяслав,Миронов,Владиленович,stepanovernest,$K7YAukdGV
131,kondratevsofron@example.net,Вера,Архипова,Валериевна,leonid_90,N^14!WqmrX
132,iharitonova@example.org,Валентина,Калинина,Филипповна,melnikovasvetlana,#uUcyA+iD3
133,agata_1978@example.com,Иосипович,Милен,Щербаков,selivan_2016,+G0xBlpdWC
134,bolshakovavasilisa@example.org,Вера,Кудряшова,Дмитриевна,ustin44,)xZxq3+h0y
135,noskovaninel@example.net,Брониславович,Марк,Вишняков,larionovgedeon,!5kN^O$usZ
136,zahar_32@example.org,Ипатий,Одинцов,Филатович,mjasnikovmoke,i9+LBde0+7
137,efim_24@example.net,Ананий,Герасимов,Ярославович,kostinapolina,##O)6jqb#9
138,wmarkova@example.net,Марфа,Евдокимова,Святославовна,csuhanov,c)8r_3ZgkE
139,noskovstepan@example.net,Валентиновна,Эмилия,Тихонова,potapnikonov,&fHLxeFw0x
140,naina2003@example.org,Кулагина,г-жа,Юлия,nikiforovmaksimiljan,0YVqxytW__
141,potap_34@example.net,Якубович,Изот,Афанасьев,mihe_27,ZnLH^igd+8
142,ilja30@example.com,Лидия,Игнатьева,Святославовна,doroninaevpraksija,%^5VRv&Pcs
143,avksentibaranov@example.net,Терентьевич,Константин,Кузнецов,stanimirivanov,(@2FP!OjB_
144,antonina_1989@example.org,Артёмович,Аггей,Николаев,filatovaekaterina,shu&9AWx!o
145,gedeon_1998@example.org,Тимофеевна,Клавдия,Капустина,danila2006,52(L#4Syhh
146,rusakovaalina@example.net,Тимофеевна,Вера,Титова,turovafevronija,)4ghJnuJxn
147,cheslav_1993@example.com,Лобанова,г-жа,Светлана,nikandr_81,6*6gNq#e%u
148,mamontovaljubov@example.org,Анжела,Королева,Николаевна,panfil_10,%FOiQrl97m
149,tfedotova@example.org,Теймуразович,Серафим,Комаров,ija_2009,%2^54XFeyA
150,molchanovaangelina@example.org,Ниловна,Жанна,Дорофеева,pimengurev,X@1V1d^xOY
151,orehovaraisa@example.org,Феликсовна,Синклитикия,Авдеева,juvenali_29,^X)DoWEce0
152,zoja_2016@example.com,Назар,Кузнецов,Ярославович,nikodim1982,U$9*4BkzNR
153,sila97@example.org,Богдановна,Варвара,Блохина,bnikonova,lXp9FmBh!H
154,isidor1996@example.net,Иосипович,Август,Ситников,hemeljanova,_2QNB83lvC
155,zuevfoma@example.org,Вацлав,Шарапов,Жанович,nosovandre,K96*3A8s6P
156,averjan_2019@example.com,Дмитриевна,Наина,Блинова,smamontova,E%92C*z51n
157,fade1973@example.org,Наина,Носова,Антоновна,nikiforovaelizaveta,P)K8^DSv9@
158,kirilloverast@example.net,Василиса,Савина,Анатольевна,zoja25,B%Aj3Zs$+l
159,birjukovaleksandr@example.org,Ермолаевич,Прокофий,Савин,narkis_34,6A@Agyej!$
160,vladislav45@example.net,Демидович,Автоном,Ларионов,jaropolk_1998,4)UMxbuZ*#
161,apollon05@example.net,Трифон,Королев,Ефимьевич,ignatevapraskovja,%0VIna#BYe
162,isaevarefi@example.net,Аскольдовна,Антонина,Ершова,artemisaev,0#Y1Acp0sm
163,ruben_93@example.org,Вячеслав,Михайлов,Артёмович,vlas82,$BM^6Xlgo9
164,fsuvorov@example.net,Вячеславовна,Ксения,Никонова,lukinratmir,(7DK3fZMeG
165,kulikovserge@example.org,Вячеславович,Эмиль,Мартынов,osipvolkov,6IUkOu@a+4
166,avksenti2021@example.com,Антоновна,Ия,Константинова,komissarovaalevtina,4!f%Y1Xs6#
167,lbolshakov@example.org,Ефимовна,Глафира,Белова,makarovamaja,U&7y1Hud+2
168,aksenovefim@example.net,Егоровна,Елена,Зыкова,varfolome1982,FTkX6Ki%#+
169,timofe05@example.net,Константиновна,Агата,Гуляева,jsavina,(u6G1OLjI^
170,mlukina@example.org,Арсеньевич,Ким,Савин,nazarovprov,6b%j1HGw(Y
171,afilatova@example.net,Азарий,Воронов,Андреевич,orlovsidor,!79DQLWm(!
172,savva1977@example.org,Нонна,Блинова,Вячеславовна,beljakovsamson,0Y(mDy!I!_
173,jfilippova@example.com,Рудольфовна,Надежда,Суханова,volkovnikanor,r*EQ6SpUYx
174,pestovselivan@example.com,Ильясович,Филарет,Рыбаков,marfa01,*36pS_G#*u
175,izmail1993@example.com,Акулина,Емельянова,Аскольдовна,savelevdemjan,OI!u5Cbn&z
176,morozovgremislav@example.com,Евстигнеевич,Аникита,Некрасов,vstrelkov,tkH1eWyl6+
177,marian04@example.com,Емельян,Кононов,Чеславович,ziminprokofi,r$f%PT#u@0
178,egorovradim@example.org,Надежда,Лазарева,Кузьминична,dorofe_32,bm_HtlAY(7
179,ivanna1990@example.net,Лидия,Соколова,Архиповна,pelageja_1979,H0hdnUDq&j
180,mjasnikovvlas@example.com,Парамон,Ершов,Арсенович,vseslav60,@*!Jq5Gs5P
181,ninel1980@example.org,Валентина,Ковалева,Васильевна,militsa_1991,(G6M+q1@Mf
182,ljubosmisl1991@example.com,Юльевна,Регина,Мишина,morozovaevgenija,Q)P9Q0e110
183,uafanaseva@example.com,Анжелика,Воронцова,Болеславовна,trofim37,(lZSekIu(7
184,proklfomin@example.com,Милица,Бирюкова,Филипповна,blohinaemilija,bE9JloHHu_
185,dmitri25@example.com,Мария,Яковлева,Андреевна,evstafi_27,!d&9eJaGOy
186,german_58@example.org,Любосмысл,Филиппов,Брониславович,xsisoev,(JD9FmJs@9
187,martin_2004@example.com,Терентьевич,Агап,Коновалов,kononmaslov,q)4JdpzkMA
188,polikarpseliverstov@example.net,Тихонович,Чеслав,Самойлов,vsevolodgordeev,^13BTpi9o4
189,sidorovaljubov@example.net,Кондратий,Назаров,Тарасович,vasilevatatjana,O^(0MtRjZG
190,ipatmoiseev@example.com,Людмила,Лихачева,Алексеевна,zvorobeva,czXB&Vmt(0
191,vorontsovernst@example.org,Надежда,Панфилова,Эдуардовна,kudrjavtsevtverdislav,#0V3qWo1c@
192,safonovafaina@example.com,Борисовна,Лора,Афанасьева,marija_2020,0TFhXwIv^f
193,lavrentevamarija@example.com,Максим,Одинцов,Матвеевич,dselezneva,!m674Zu#G)
194,usamsonova@example.net,Ульяна,Захарова,Геннадьевна,belousovamarija,%bs_5MohjV
195,chernovnarkis@example.com,Радован,Ершов,Эдгарович,maksim_04,CPB61xPjO#
196,gkuznetsova@example.com,Ананий,Ершов,Давидович,gremislav_34,^2CXe0Qjqg
197,gedeonfedoseev@example.net,Измаилович,Агап,Крылов,vasili_69,RmWYIsSw*5
198,januari_48@example.net,Анна,Зайцева,Альбертовна,ratmir_47,trS(m7UvEe
199,fedosibobrov@example.com,Зинаида,Федотова,Святославовна,rozhkovaanna,5G3X+Gd8(^
200,marfa68@example.net,Юлия,Блохина,Александровна,braginavera,KcqN7fiA@2
